epoch,time,train/box_loss,train/seg_loss,train/cls_loss,train/dfl_loss,train/sem_loss,metrics/precision(B),metrics/recall(B),metrics/mAP50(B),metrics/mAP50-95(B),metrics/precision(M),metrics/recall(M),metrics/mAP50(M),metrics/mAP50-95(M),val/box_loss,val/seg_loss,val/cls_loss,val/dfl_loss,val/sem_loss,lr/pg0,lr/pg1,lr/pg2
1,34.7554,5.23674,7.86665,54.2311,0.00372,16.9814,0.00107,0.01231,0.00054,0.00015,6e-05,0.00065,3e-05,1e-05,7.20624,15.2314,9.36872,0.00585,0,9.54545e-06,9.54545e-06,0.0904641
2,62.9289,7.27409,9.8463,9.88998,0.00495,8.44,0.10279,0.53303,0.1567,0.0439,0.03622,0.18782,0.03218,0.00855,5.76094,12.5073,6.56134,0.0044,0,1.95433e-05,1.95433e-05,0.0804741
3,92.3003,7.07715,8.3643,6.83274,0.00397,5.99871,0.07039,0.64313,0.14527,0.04032,0.03736,0.34132,0.04533,0.01284,5.44737,11.3497,5.87897,0.00401,0,2.95326e-05,2.95326e-05,0.0704841
4,119.56,5.82013,7.33928,6.1014,0.00375,3.54926,0.06526,0.71049,0.14342,0.04212,0.05985,0.65155,0.11676,0.0331,5.16295,7.11647,5.53896,0.00378,0,3.95068e-05,3.95068e-05,0.0604941
5,146.786,5.60105,7.7824,5.46773,0.00321,4.06462,0.21957,0.33938,0.17876,0.05226,0.19758,0.37565,0.17286,0.0461,5.21488,6.11962,5.03106,0.0039,0,4.94594e-05,4.94594e-05,0.050504
6,173.488,6.51555,7.68138,5.67188,0.00355,3.49447,0.27172,0.23316,0.18318,0.05218,0.23624,0.20272,0.15804,0.04171,5.01378,5.88647,5.00858,0.00364,0,5.9384e-05,5.9384e-05,0.0405139
7,200.103,5.76692,6.58535,5.43728,0.00321,3.66218,0.28976,0.36399,0.22995,0.06788,0.283,0.34197,0.2231,0.05886,4.99257,5.7382,4.58135,0.0036,0,6.9274e-05,6.9274e-05,0.0305238
8,228.038,6.90031,8.65003,5.5816,0.00374,4.06677,0.34326,0.39313,0.27802,0.07922,0.31391,0.38666,0.25189,0.07137,5.09421,5.82493,4.75112,0.00376,0,7.91231e-05,7.91231e-05,0.0205337
9,255.216,7.35673,8.9978,5.85656,0.00361,3.81647,0.35679,0.38585,0.29374,0.08269,0.3151,0.37435,0.24711,0.0687,5.0557,5.67115,4.41222,0.0037,0,8.89247e-05,8.89247e-05,0.0105435
10,284.659,6.04665,6.8697,5.83336,0.0036,3.03752,0.36184,0.40469,0.29471,0.08154,0.31512,0.36205,0.24197,0.06088,5.00362,5.76269,4.40404,0.00362,0,9.86727e-05,9.86727e-05,0.000553218
11,312.454,6.40872,6.95419,5.92303,0.00388,4.33051,0.36813,0.40933,0.30523,0.08499,0.3278,0.3763,0.25867,0.06771,4.97559,5.65238,4.32628,0.00361,0,9.89183e-05,9.89183e-05,9.89183e-05
12,338.032,5.27865,6.02991,5.33197,0.00313,2.80039,0.3862,0.44689,0.33221,0.09324,0.35924,0.38342,0.27909,0.0734,4.98289,5.66533,4.45129,0.00364,0,9.86922e-05,9.86922e-05,9.86922e-05
13,363.844,6.97697,7.84772,5.02618,0.00318,3.55568,0.38373,0.4171,0.32491,0.09365,0.34794,0.3614,0.26427,0.06878,4.89353,5.74865,4.34758,0.00353,0,9.84449e-05,9.84449e-05,9.84449e-05
14,390.571,5.54597,5.81836,5.19236,0.00268,3.45058,0.37759,0.42552,0.32548,0.09482,0.34862,0.38754,0.26329,0.06844,4.87863,5.69334,4.33145,0.00353,0,9.81765e-05,9.81765e-05,9.81765e-05
15,417.248,4.38853,5.56163,5.08388,0.00196,2.23966,0.38288,0.45984,0.33007,0.09435,0.32979,0.40285,0.25206,0.06755,4.87405,5.49412,4.3035,0.0035,0,9.78873e-05,9.78873e-05,9.78873e-05
16,443.276,6.63035,8.12729,5.63141,0.00367,3.56843,0.37907,0.46023,0.32655,0.0927,0.34506,0.42358,0.27403,0.07449,4.86075,5.3488,4.15699,0.0035,0,9.75773e-05,9.75773e-05,9.75773e-05
17,468.188,5.95178,6.11595,5.38847,0.00334,3.55186,0.39669,0.43005,0.33544,0.09362,0.34401,0.40868,0.27604,0.07631,4.87216,5.30081,4.20729,0.00355,0,9.72466e-05,9.72466e-05,9.72466e-05
18,495.176,6.12476,6.35749,4.91048,0.00302,3.34948,0.38288,0.46956,0.34407,0.09534,0.3425,0.41463,0.27085,0.072,4.89725,5.32865,4.09359,0.00355,0,9.68955e-05,9.68955e-05,9.68955e-05
19,520.376,5.75849,7.30453,4.76276,0.00273,3.09933,0.37581,0.4443,0.34163,0.09731,0.34192,0.39439,0.2759,0.07225,4.94132,5.32839,4.09095,0.0036,0,9.65239e-05,9.65239e-05,9.65239e-05
20,546.166,6.14299,7.01205,5.52693,0.00328,3.96101,0.37696,0.41968,0.33401,0.09731,0.33457,0.37694,0.26741,0.07355,4.92083,5.32109,4.10863,0.00358,0,9.61322e-05,9.61322e-05,9.61322e-05
21,573.599,6.08301,7.11078,5.16044,0.00339,3.77934,0.37775,0.44468,0.32858,0.09719,0.32683,0.40847,0.2701,0.07617,4.8415,5.34955,4.12685,0.00348,0,9.57205e-05,9.57205e-05,9.57205e-05
22,600.004,6.57513,7.18076,5.05997,0.00349,3.47461,0.39849,0.46308,0.34056,0.10058,0.34461,0.43419,0.28596,0.07879,4.81789,5.24115,4.14558,0.00346,0,9.52889e-05,9.52889e-05,9.52889e-05
23,626.015,5.97033,6.54141,4.87969,0.00382,3.47607,0.41588,0.45466,0.33983,0.10152,0.37645,0.42422,0.29828,0.08126,4.85228,5.22406,4.06901,0.00347,0,9.48377e-05,9.48377e-05,9.48377e-05
24,653.102,5.49976,6.71768,4.74818,0.00313,2.42683,0.42377,0.45531,0.34861,0.10282,0.38652,0.43329,0.30562,0.08462,4.86716,5.21402,4.09433,0.0035,0,9.43671e-05,9.43671e-05,9.43671e-05
25,681.294,5.29079,5.60937,4.3041,0.0027,2.50893,0.42576,0.4851,0.35529,0.10256,0.38148,0.45725,0.31192,0.08746,4.90234,5.18172,3.88386,0.00353,0,9.38772e-05,9.38772e-05,9.38772e-05
26,707.434,4.74804,4.74966,5.26778,0.00283,2.3199,0.41648,0.46735,0.35667,0.10166,0.36687,0.44948,0.30375,0.08524,4.87846,5.16766,3.88249,0.00351,0,9.33683e-05,9.33683e-05,9.33683e-05
27,732.079,6.231,7.54236,4.82258,0.00325,3.54553,0.41209,0.45013,0.35239,0.10219,0.36909,0.42095,0.30582,0.08569,4.85653,5.16652,3.98485,0.00349,0,9.28405e-05,9.28405e-05,9.28405e-05
28,759.609,6.16558,6.46314,4.47851,0.00277,2.78292,0.42239,0.4864,0.37055,0.10788,0.37735,0.4579,0.32026,0.08951,4.8649,5.10528,3.81625,0.0035,0,9.22942e-05,9.22942e-05,9.22942e-05
29,787.432,4.7071,5.03967,3.93186,0.00244,2.45617,0.43251,0.49657,0.37326,0.10979,0.39682,0.45166,0.32613,0.08661,4.8116,5.13041,3.83042,0.00345,0,9.17296e-05,9.17296e-05,9.17296e-05
30,813.582,5.75926,6.5087,5.0679,0.00308,3.06746,0.41984,0.47604,0.37156,0.10841,0.39303,0.44119,0.32207,0.09212,4.84427,5.20137,3.81332,0.0035,0,9.11469e-05,9.11469e-05,9.11469e-05
31,839.497,6.82895,7.51836,6.26741,0.00377,3.24634,0.42389,0.4715,0.37537,0.11051,0.39496,0.45272,0.328,0.09665,4.82335,5.23041,3.79405,0.00346,0,9.05463e-05,9.05463e-05,9.05463e-05
32,865.111,5.7507,6.25741,4.77652,0.00331,2.8557,0.43132,0.48251,0.38746,0.11592,0.38019,0.43303,0.31287,0.08541,4.82037,5.17942,3.74698,0.00345,0,8.99282e-05,8.99282e-05,8.99282e-05
33,889.945,6.03253,6.31663,4.67555,0.00293,3.07488,0.43819,0.49676,0.39054,0.11592,0.36001,0.4307,0.29674,0.07738,4.82541,5.18183,3.7384,0.00345,0,8.92928e-05,8.92928e-05,8.92928e-05
34,914.819,5.65925,7.03634,4.83249,0.00281,2.55985,0.45051,0.49806,0.40884,0.11966,0.39038,0.44365,0.32499,0.08495,4.84142,5.16784,3.69913,0.00347,0,8.86404e-05,8.86404e-05,8.86404e-05
35,941.822,4.76363,5.4424,4.41611,0.00213,2.33051,0.45357,0.48316,0.40558,0.12046,0.40606,0.45209,0.33883,0.09333,4.8166,5.22427,3.73817,0.00345,0,8.79713e-05,8.79713e-05,8.79713e-05
36,968.772,5.29681,6.10395,4.54076,0.00249,3.02178,0.43103,0.48381,0.38771,0.11422,0.40113,0.4579,0.34078,0.09209,4.81656,5.23749,3.63551,0.00347,0,8.72857e-05,8.72857e-05,8.72857e-05
37,994.736,5.86937,6.74858,4.76167,0.00343,2.27698,0.4376,0.49588,0.39404,0.11593,0.38163,0.44754,0.31344,0.08308,4.81477,5.19162,3.64501,0.00346,0,8.65839e-05,8.65839e-05,8.65839e-05
38,1021.48,5.24367,5.5457,4.91919,0.00303,3.14007,0.44463,0.49806,0.38734,0.11325,0.34002,0.4443,0.27633,0.07131,4.81931,5.23336,3.59615,0.00345,0,8.58664e-05,8.58664e-05,8.58664e-05
39,1046.69,5.573,5.50471,4.49202,0.00276,2.64301,0.44589,0.49028,0.3925,0.11567,0.36434,0.45661,0.29052,0.07361,4.80372,5.11159,3.64497,0.00346,0,8.51333e-05,8.51333e-05,8.51333e-05
40,1073.27,5.50804,5.48617,4.10956,0.003,2.50727,0.46022,0.49935,0.40381,0.11976,0.39654,0.43329,0.31172,0.08167,4.79118,5.14046,3.64925,0.00338,0,8.43851e-05,8.43851e-05,8.43851e-05
41,1099.17,6.07854,5.92529,4.53406,0.00356,2.64749,0.4527,0.49935,0.40864,0.12252,0.38732,0.42228,0.30682,0.08176,4.75735,5.178,3.65984,0.00335,0,8.3622e-05,8.3622e-05,8.3622e-05
42,1125.58,6.38861,7.29776,4.40128,0.00305,3.00731,0.46905,0.50751,0.42379,0.12979,0.39409,0.45855,0.33249,0.09053,4.70987,4.99595,3.55017,0.00332,0,8.28443e-05,8.28443e-05,8.28443e-05
43,1153.89,6.30979,6.39688,4.80969,0.00337,3.29751,0.47847,0.49806,0.41516,0.12572,0.3626,0.47124,0.31856,0.08694,4.72749,5.02736,3.52684,0.00335,0,8.20525e-05,8.20525e-05,8.20525e-05
44,1179.96,5.47673,5.68768,4.02332,0.00242,2.54797,0.47093,0.51749,0.42239,0.12522,0.37488,0.4715,0.3222,0.08892,4.71975,5.06166,3.49231,0.00334,0,8.12468e-05,8.12468e-05,8.12468e-05
45,1206.93,6.02771,7.0347,4.45662,0.003,2.8447,0.47026,0.50583,0.42017,0.12226,0.35825,0.44689,0.29999,0.08115,4.71879,5.16836,3.57793,0.00329,0,8.04277e-05,8.04277e-05,8.04277e-05
46,1233.59,5.86034,5.8037,4.22959,0.00274,2.38996,0.4775,0.50777,0.42556,0.12508,0.38499,0.44313,0.31642,0.0839,4.72224,5.18175,3.53091,0.00329,0,7.95954e-05,7.95954e-05,7.95954e-05
47,1259.22,5.86459,6.6451,4.4532,0.00287,2.44001,0.47671,0.50777,0.42926,0.12879,0.38909,0.44495,0.324,0.08672,4.67277,5.11107,3.5673,0.00323,0,7.87503e-05,7.87503e-05,7.87503e-05
48,1285.76,5.23735,5.46334,4.02312,0.00256,2.15436,0.46936,0.50297,0.41877,0.12699,0.3544,0.45402,0.30275,0.08171,4.67538,5.09973,3.55938,0.00325,0,7.78929e-05,7.78929e-05,7.78929e-05
49,1313.46,6.01139,6.04094,4.67672,0.00385,2.00646,0.48619,0.51619,0.43625,0.13022,0.40114,0.46826,0.33297,0.08906,4.70399,5.04362,3.45566,0.00331,0,7.70234e-05,7.70234e-05,7.70234e-05
50,1340.19,5.42063,5.87716,4.07206,0.00279,2.50904,0.48758,0.53627,0.43883,0.12904,0.3951,0.47733,0.33578,0.0912,4.71836,5.02742,3.38868,0.00334,0,7.61423e-05,7.61423e-05,7.61423e-05
51,1366.53,4.62573,5.19231,3.74934,0.0027,2.38204,0.48688,0.53109,0.44049,0.13094,0.40755,0.47733,0.3449,0.0911,4.70696,5.01839,3.36368,0.00333,0,7.525e-05,7.525e-05,7.525e-05
52,1393.65,4.16339,4.19159,3.70739,0.0021,1.94581,0.48992,0.52915,0.44535,0.13285,0.4294,0.4715,0.35437,0.09373,4.66327,5.01368,3.36272,0.00327,0,7.43468e-05,7.43468e-05,7.43468e-05
53,1420.79,5.21858,5.66078,4.42751,0.00319,2.6121,0.4753,0.53756,0.43806,0.13293,0.40837,0.47345,0.34186,0.09087,4.63418,5.1654,3.33624,0.00323,0,7.34332e-05,7.34332e-05,7.34332e-05
54,1446.07,6.09056,6.35578,4.34464,0.00288,2.8269,0.48243,0.53109,0.44327,0.13578,0.38869,0.47992,0.33778,0.09084,4.58349,5.1066,3.36281,0.00319,0,7.25094e-05,7.25094e-05,7.25094e-05
55,1472.63,5.70028,5.84422,4.23422,0.00308,2.28134,0.49835,0.52953,0.45522,0.14007,0.41315,0.49158,0.36918,0.10425,4.59484,5.07593,3.37498,0.0032,0,7.15761e-05,7.15761e-05,7.15761e-05
56,1498.93,5.71213,6.32867,5.03913,0.00309,2.68079,0.49466,0.52937,0.45742,0.13973,0.4508,0.49229,0.39875,0.11636,4.6495,5.06254,3.26198,0.00324,0,7.06335e-05,7.06335e-05,7.06335e-05
57,1525.69,5.14454,6.34472,4.25188,0.00283,2.97175,0.49601,0.5285,0.46229,0.13844,0.43213,0.49676,0.39107,0.11388,4.64973,4.96492,3.23889,0.00324,0,6.9682e-05,6.9682e-05,6.9682e-05
58,1554.39,5.54047,6.21792,3.98382,0.00305,2.48654,0.49737,0.54411,0.45993,0.13689,0.41898,0.50712,0.37552,0.10469,4.65252,5.02578,3.22544,0.00324,0,6.87222e-05,6.87222e-05,6.87222e-05
59,1583.6,5.39754,6.52346,4.03321,0.00242,2.64618,0.47429,0.5253,0.44327,0.13298,0.41217,0.47021,0.35583,0.09807,4.64651,4.94295,3.31533,0.00325,0,6.77543e-05,6.77543e-05,6.77543e-05
60,1612.85,6.6639,6.94949,5.03366,0.0034,3.09231,0.47317,0.51878,0.43189,0.13173,0.40562,0.47604,0.35579,0.09616,4.63072,4.97342,3.24693,0.00327,0,6.67789e-05,6.67789e-05,6.67789e-05
61,1642.05,4.62518,4.78015,3.65317,0.00253,2.04253,0.51218,0.54468,0.46699,0.14024,0.41815,0.47345,0.35843,0.0982,4.60535,5.01477,3.27221,0.00321,0,6.57963e-05,6.57963e-05,6.57963e-05
62,1671.02,6.9229,7.68046,4.87915,0.00313,3.60639,0.50954,0.53963,0.45732,0.13903,0.41833,0.46632,0.35241,0.09695,4.65382,5.05822,3.17146,0.00323,0,6.48071e-05,6.48071e-05,6.48071e-05
63,1700.04,4.16427,4.78379,3.76815,0.00263,1.73992,0.5217,0.5376,0.46644,0.14398,0.42359,0.48251,0.36956,0.09876,4.61118,4.96358,3.29987,0.00319,0,6.38115e-05,6.38115e-05,6.38115e-05
64,1729.44,5.39418,5.86954,4.18955,0.00272,2.41818,0.52163,0.55087,0.47467,0.14452,0.42974,0.4949,0.37621,0.10158,4.61097,4.9511,3.21735,0.00319,0,6.28101e-05,6.28101e-05,6.28101e-05
65,1758.27,5.40816,6.54475,4.27929,0.00314,2.68478,0.51755,0.53707,0.46313,0.14046,0.3556,0.44891,0.29933,0.08541,4.64676,5.17015,3.19482,0.00319,0,6.18034e-05,6.18034e-05,6.18034e-05
66,1786.55,5.68193,6.63817,4.3573,0.00276,2.50707,0.51864,0.53562,0.46499,0.14309,0.41238,0.44754,0.33885,0.09382,4.62678,5.01475,3.16023,0.00319,0,6.07916e-05,6.07916e-05,6.07916e-05
67,1815.43,5.88779,5.92084,4.35072,0.00323,2.59779,0.51177,0.53238,0.46592,0.14487,0.40326,0.44301,0.33933,0.09447,4.61624,4.94898,3.23347,0.00319,0,5.97754e-05,5.97754e-05,5.97754e-05
68,1844.76,5.78187,6.23175,4.2984,0.00292,2.42694,0.50731,0.5421,0.46222,0.14289,0.40354,0.48575,0.35004,0.09935,4.58898,4.96623,3.17544,0.00318,0,5.87551e-05,5.87551e-05,5.87551e-05
69,1873.46,4.32639,4.91205,4.07984,0.00265,2.91585,0.52438,0.56218,0.47784,0.14608,0.44059,0.51619,0.38896,0.10869,4.55461,4.96032,3.11712,0.00315,0,5.77311e-05,5.77311e-05,5.77311e-05
70,1902.78,5.25875,5.42944,4.37076,0.00338,2.81923,0.50317,0.56214,0.46276,0.14302,0.42783,0.50842,0.3739,0.10427,4.55505,5.01537,3.14774,0.00315,0,5.6704e-05,5.6704e-05,5.6704e-05
71,1931.19,5.67983,6.05101,4.25188,0.00284,2.5076,0.49825,0.53189,0.45735,0.14112,0.40198,0.50109,0.35704,0.09856,4.55974,4.973,3.18615,0.00316,0,5.56742e-05,5.56742e-05,5.56742e-05
72,1959.69,4.90177,5.38876,3.82156,0.00267,2.64299,0.51819,0.53951,0.47322,0.14489,0.43382,0.50648,0.38033,0.10256,4.55167,4.95798,3.08924,0.00316,0,5.46421e-05,5.46421e-05,5.46421e-05
73,1990.02,4.11231,4.36825,3.06643,0.00201,1.87125,0.53936,0.5693,0.48911,0.14902,0.45579,0.5136,0.39013,0.10534,4.56021,4.964,3.11166,0.00317,0,5.36081e-05,5.36081e-05,5.36081e-05
74,2016.62,5.48632,5.31188,4.00596,0.00263,2.32776,0.53536,0.54404,0.48533,0.14653,0.42181,0.49547,0.36736,0.1016,4.5878,4.93126,3.13715,0.00316,0,5.25728e-05,5.25728e-05,5.25728e-05
75,2047.72,4.08474,4.73394,3.16332,0.00224,1.49853,0.53778,0.54793,0.48413,0.14958,0.43076,0.48769,0.37728,0.10459,4.57604,4.91871,3.21001,0.00315,0,5.15366e-05,5.15366e-05,5.15366e-05
76,2074.97,6.00972,6.22854,4.57736,0.00319,2.63727,0.53664,0.54831,0.48761,0.1524,0.42178,0.49417,0.3799,0.10478,4.58212,4.95388,3.0935,0.00314,0,5.05e-05,5.05e-05,5.05e-05
77,2105.73,3.98199,4.101,3.52421,0.00188,1.67044,0.54889,0.54728,0.49549,0.15268,0.43486,0.47604,0.37995,0.10458,4.57226,4.9644,3.12404,0.00314,0,4.94634e-05,4.94634e-05,4.94634e-05
78,2135.03,4.35784,4.74351,4.03432,0.00232,2.07444,0.55087,0.53562,0.49067,0.14943,0.42894,0.4579,0.36024,0.09664,4.59878,4.95285,3.11973,0.00315,0,4.84272e-05,4.84272e-05,4.84272e-05
79,2161.65,5.61314,5.6333,4.04736,0.00256,2.98173,0.53566,0.56185,0.49576,0.14931,0.41476,0.47798,0.36146,0.1004,4.59217,4.89744,3.12636,0.00315,0,4.73919e-05,4.73919e-05,4.73919e-05
80,2191.09,6.04708,5.98614,4.9253,0.00297,2.7936,0.52936,0.54922,0.48405,0.14885,0.43245,0.5013,0.38333,0.11053,4.62229,4.88726,3.0473,0.00319,0,4.63579e-05,4.63579e-05,4.63579e-05
81,2218.76,5.01166,5.33801,4.05864,0.00291,2.5062,0.53225,0.56023,0.4901,0.15015,0.43468,0.49611,0.37356,0.10466,4.63038,4.95265,3.00904,0.0032,0,4.53258e-05,4.53258e-05,4.53258e-05
82,2246.62,5.12602,5.10884,3.44689,0.00229,2.41161,0.55219,0.55311,0.4962,0.14968,0.42131,0.48057,0.35564,0.09532,4.60868,5.03549,3.18941,0.00318,0,4.4296e-05,4.4296e-05,4.4296e-05
83,2273.98,5.03288,4.99691,3.80328,0.00254,2.51775,0.54304,0.54878,0.48973,0.15071,0.40486,0.49417,0.35578,0.09386,4.5892,4.94868,3.07278,0.00317,0,4.32689e-05,4.32689e-05,4.32689e-05
84,2301.86,5.47017,5.69873,4.04453,0.0026,2.27792,0.53779,0.55829,0.49056,0.15019,0.41529,0.47733,0.35274,0.09233,4.60123,4.9297,3.11676,0.00317,0,4.22449e-05,4.22449e-05,4.22449e-05
85,2329.89,5.71763,6.16538,4.23498,0.00293,2.83619,0.53241,0.56541,0.49172,0.15294,0.43235,0.49231,0.36917,0.09806,4.57925,4.92582,3.09453,0.00317,0,4.12246e-05,4.12246e-05,4.12246e-05
86,2357.44,5.74875,6.23304,4.72235,0.00305,3.27249,0.54906,0.56671,0.49749,0.15564,0.44543,0.5149,0.39405,0.11025,4.55041,4.93863,2.99598,0.00317,0,4.02084e-05,4.02084e-05,4.02084e-05
87,2386.65,6.06428,6.59694,4.46384,0.00364,2.31217,0.54198,0.5829,0.50331,0.15596,0.48426,0.53109,0.43571,0.12217,4.53929,4.87607,3.00007,0.00315,0,3.91966e-05,3.91966e-05,3.91966e-05
88,2414.64,5.76351,6.05873,4.15155,0.00298,2.56252,0.54933,0.56736,0.50098,0.15635,0.47355,0.51231,0.41713,0.11803,4.53871,4.82179,2.99367,0.00316,0,3.81899e-05,3.81899e-05,3.81899e-05
89,2442.62,4.86934,5.14891,3.32432,0.00238,2.03439,0.52586,0.56218,0.48571,0.151,0.40964,0.49482,0.35584,0.09856,4.58293,4.89472,2.98638,0.00315,0,3.71885e-05,3.71885e-05,3.71885e-05
90,2471.13,6.32856,6.6411,4.65052,0.00307,2.24874,0.52699,0.56347,0.4819,0.14831,0.39296,0.49288,0.34417,0.09566,4.612,4.87839,3.00566,0.00318,0,3.61929e-05,3.61929e-05,3.61929e-05
91,2500.98,4.68188,4.52673,3.77979,0.00309,1.88162,0.53183,0.58638,0.49987,0.15452,0.4418,0.52267,0.38578,0.10623,4.55308,4.84871,3.0244,0.00317,0,3.52037e-05,3.52037e-05,3.52037e-05
92,2527.79,6.02282,6.91838,4.24217,0.0031,2.65425,0.52175,0.56386,0.48652,0.15207,0.45019,0.52267,0.3991,0.11157,4.54519,4.87317,3.01247,0.00317,0,3.42211e-05,3.42211e-05,3.42211e-05
93,2555.77,4.50887,5.03655,4.21375,0.00258,2.38029,0.53105,0.57578,0.49817,0.15578,0.4454,0.52461,0.40298,0.1168,4.52802,4.88078,2.95263,0.00314,0,3.32457e-05,3.32457e-05,3.32457e-05
94,2584.69,5.61896,6.52722,4.37345,0.0027,2.81974,0.52996,0.56606,0.49089,0.15514,0.46975,0.53189,0.42621,0.12333,4.50873,4.89553,3.00757,0.00314,0,3.22778e-05,3.22778e-05,3.22778e-05
95,2613.57,6.05817,6.14672,5.13445,0.00354,2.75903,0.53195,0.57513,0.49926,0.15419,0.46609,0.5285,0.41717,0.11979,4.52119,4.86503,2.96232,0.00316,0,3.1318e-05,3.1318e-05,3.1318e-05
96,2640.64,5.34314,6.02002,3.51816,0.00244,2.32127,0.5413,0.57189,0.49911,0.15451,0.45423,0.52785,0.40699,0.1177,4.53189,4.85679,2.93352,0.00316,0,3.03665e-05,3.03665e-05,3.03665e-05
97,2669.23,5.29956,5.44525,3.64143,0.00302,2.1102,0.53985,0.58549,0.50227,0.15615,0.4401,0.51231,0.38654,0.10924,4.54406,4.84922,2.97312,0.00316,0,2.94239e-05,2.94239e-05,2.94239e-05
98,2697.68,5.05893,5.71548,3.63137,0.00294,1.86199,0.54679,0.58225,0.51009,0.15848,0.44871,0.51813,0.39327,0.11022,4.52207,4.82992,2.96848,0.00314,0,2.84906e-05,2.84906e-05,2.84906e-05
99,2725.73,7.04898,7.58321,5.45926,0.00342,2.48335,0.54904,0.58679,0.51635,0.1611,0.46054,0.52748,0.40612,0.1165,4.50774,4.81147,2.94332,0.00312,0,2.75668e-05,2.75668e-05,2.75668e-05
100,2753.78,7.0085,6.83691,4.93723,0.00335,3.09611,0.55578,0.59153,0.52178,0.1621,0.47234,0.52468,0.4086,0.1161,4.52179,4.82133,3.01502,0.00311,0,2.66532e-05,2.66532e-05,2.66532e-05
101,2782.85,5.30812,5.33088,3.80414,0.00257,2.15636,0.55584,0.58679,0.52114,0.16125,0.44874,0.50981,0.38542,0.10814,4.52715,4.87643,2.98608,0.00312,0,2.575e-05,2.575e-05,2.575e-05
102,2809.46,6.01942,6.40061,4.94135,0.00328,2.98868,0.55215,0.57448,0.51595,0.15962,0.43295,0.49935,0.37088,0.10443,4.55176,4.83816,2.98579,0.00313,0,2.48577e-05,2.48577e-05,2.48577e-05
103,2837.53,6.24353,6.41225,4.71894,0.00306,2.54343,0.5576,0.57772,0.51987,0.16217,0.45446,0.51425,0.3966,0.11143,4.544,4.78754,2.95695,0.00313,0,2.39766e-05,2.39766e-05,2.39766e-05
104,2865.85,6.583,7.06827,4.69151,0.00332,3.27038,0.56303,0.57383,0.51747,0.16037,0.44589,0.51544,0.38983,0.11039,4.5336,4.79009,2.95918,0.00312,0,2.31071e-05,2.31071e-05,2.31071e-05
105,2893.75,5.80476,6.14944,4.44657,0.00299,2.79021,0.54056,0.57772,0.50697,0.15643,0.42818,0.49759,0.37543,0.10356,4.51001,4.77664,2.99902,0.0031,0,2.22497e-05,2.22497e-05,2.22497e-05
106,2920.58,4.03894,4.14104,3.08589,0.00254,1.64309,0.54704,0.58031,0.51188,0.15852,0.43296,0.49155,0.37307,0.10394,4.50126,4.78832,3.00322,0.00308,0,2.14046e-05,2.14046e-05,2.14046e-05
107,2948.63,4.73323,5.16033,3.90875,0.00277,1.73132,0.54251,0.57987,0.50956,0.15923,0.43898,0.49741,0.38343,0.10675,4.49495,4.79626,2.9889,0.00308,0,2.05723e-05,2.05723e-05,2.05723e-05
108,2976.59,5.64183,5.61896,3.84759,0.00307,2.3432,0.55171,0.56801,0.51124,0.16089,0.45318,0.51152,0.39285,0.11265,4.54911,4.78732,2.90426,0.00314,0,1.97532e-05,1.97532e-05,1.97532e-05
109,3004.73,4.65592,4.65203,3.33122,0.00232,2.23515,0.55663,0.56801,0.51735,0.16319,0.45366,0.51813,0.39792,0.11421,4.52317,4.77841,2.89643,0.00313,0,1.89475e-05,1.89475e-05,1.89475e-05
110,3033.03,6.31598,6.498,4.73362,0.00294,2.40337,0.55847,0.58082,0.52037,0.16453,0.46638,0.51554,0.41337,0.11807,4.52888,4.77466,2.88704,0.00312,0,1.81557e-05,1.81557e-05,1.81557e-05
111,3059.61,4.28415,4.49498,3.24257,0.00235,2.01189,0.56101,0.58186,0.5299,0.16766,0.47915,0.51425,0.42352,0.12201,4.49296,4.76031,2.90432,0.00309,0,1.7378e-05,1.7378e-05,1.7378e-05
112,3089.34,4.68118,4.69271,3.16916,0.00218,2.00943,0.56886,0.57448,0.52867,0.17026,0.48828,0.50842,0.42622,0.1226,4.49433,4.76314,2.87768,0.0031,0,1.66149e-05,1.66149e-05,1.66149e-05
113,3120.03,5.33534,5.32111,3.80576,0.00258,2.11615,0.55827,0.57837,0.52792,0.16897,0.46468,0.49362,0.40717,0.11665,4.53671,4.81047,2.88857,0.00312,0,1.58667e-05,1.58667e-05,1.58667e-05
114,3148.41,5.27987,5.44089,3.97999,0.00296,2.20991,0.56282,0.57124,0.52627,0.1673,0.46831,0.48187,0.40287,0.11556,4.5351,4.7998,2.90291,0.00311,0,1.51336e-05,1.51336e-05,1.51336e-05
115,3178.1,4.89622,5.024,3.45945,0.00257,2.12266,0.56192,0.57655,0.52881,0.16819,0.47454,0.5,0.40656,0.11554,4.52467,4.76175,2.8752,0.00311,0,1.44161e-05,1.44161e-05,1.44161e-05
116,3206.14,3.42095,3.55899,2.57351,0.00164,1.04966,0.56588,0.58808,0.53324,0.16646,0.46874,0.51101,0.40464,0.1125,4.52856,4.74424,2.86404,0.00312,0,1.37143e-05,1.37143e-05,1.37143e-05
117,3235.63,5.02128,5.94302,3.67635,0.00274,2.19166,0.5705,0.5936,0.5315,0.16526,0.45516,0.51813,0.39335,0.10903,4.53941,4.73999,2.86612,0.00311,0,1.30287e-05,1.30287e-05,1.30287e-05
118,3263.31,4.68734,5.22318,3.80236,0.00327,2.0023,0.56078,0.59521,0.52632,0.16336,0.44165,0.51691,0.38761,0.10921,4.54629,4.78469,2.85702,0.00313,0,1.23596e-05,1.23596e-05,1.23596e-05
119,3291.54,4.09673,4.14316,2.97408,0.00272,1.35882,0.56234,0.59585,0.52859,0.16319,0.44735,0.52479,0.39368,0.11146,4.52525,4.8036,2.86282,0.00311,0,1.17072e-05,1.17072e-05,1.17072e-05
120,3320.31,5.50398,5.90133,4.04569,0.00297,2.26142,0.56019,0.59148,0.52215,0.16389,0.45605,0.52456,0.39999,0.11436,4.5399,4.80695,2.83458,0.00312,0,1.10718e-05,1.10718e-05,1.10718e-05
121,3347.37,4.91892,5.25847,3.81403,0.00289,1.92977,0.56046,0.59391,0.52737,0.166,0.46578,0.53174,0.40951,0.11575,4.50952,4.79665,2.84344,0.0031,0,1.04537e-05,1.04537e-05,1.04537e-05
122,3375.83,5.35499,5.64771,4.24252,0.00334,2.42074,0.56777,0.58958,0.53085,0.16728,0.48093,0.52461,0.41639,0.11902,4.50131,4.76949,2.82959,0.00309,0,9.85311e-06,9.85311e-06,9.85311e-06
123,3403.45,4.23274,4.60918,2.93393,0.00211,1.38591,0.57192,0.59003,0.53632,0.1685,0.47749,0.51684,0.4135,0.11632,4.50319,4.77819,2.81865,0.00309,0,9.2704e-06,9.2704e-06,9.2704e-06
124,3430.64,5.98892,6.72794,3.84934,0.00288,2.60658,0.55744,0.58808,0.52802,0.16706,0.45866,0.51088,0.39901,0.11165,4.50189,4.79232,2.82527,0.00309,0,8.70577e-06,8.70577e-06,8.70577e-06
125,3456.97,5.2683,5.79389,3.85924,0.0028,2.20695,0.56027,0.58225,0.52572,0.16711,0.44285,0.50972,0.38915,0.1092,4.52742,4.78316,2.83208,0.00311,0,8.15947e-06,8.15947e-06,8.15947e-06
126,3485.2,5.18323,5.36032,3.89705,0.00299,1.7302,0.55604,0.58,0.52466,0.16597,0.44423,0.50785,0.38615,0.10832,4.52916,4.77264,2.83243,0.0031,0,7.63174e-06,7.63174e-06,7.63174e-06
127,3512.39,4.35491,4.36558,3.47781,0.00238,1.37287,0.56443,0.59067,0.53155,0.16724,0.45105,0.5136,0.39311,0.11063,4.51699,4.7634,2.83563,0.00309,0,7.12282e-06,7.12282e-06,7.12282e-06
128,3540.77,4.792,4.76691,3.64352,0.00257,1.7807,0.57007,0.59132,0.53397,0.16818,0.46115,0.50777,0.3996,0.11303,4.49914,4.74972,2.82421,0.00309,0,6.63292e-06,6.63292e-06,6.63292e-06
129,3568.94,5.89299,6.21908,3.94981,0.00326,2.10757,0.56358,0.58715,0.53148,0.16881,0.4611,0.51036,0.40377,0.1136,4.49716,4.74188,2.82357,0.00308,0,6.16227e-06,6.16227e-06,6.16227e-06
130,3596.38,5.93795,5.95528,4.33433,0.00355,2.19785,0.57169,0.5829,0.53466,0.16852,0.46475,0.5067,0.40105,0.11367,4.52361,4.76648,2.81871,0.0031,0,5.71106e-06,5.71106e-06,5.71106e-06
131,3623.53,6.15257,6.24468,4.56589,0.00323,2.44977,0.56367,0.57982,0.53012,0.16723,0.45085,0.51813,0.39336,0.11227,4.53103,4.75987,2.82026,0.00311,0,5.2795e-06,5.2795e-06,5.2795e-06
132,3651.06,4.99925,4.89068,4.13124,0.00249,2.27482,0.56925,0.5842,0.53575,0.16811,0.46819,0.5223,0.40771,0.11406,4.50549,4.76283,2.82361,0.00309,0,4.86777e-06,4.86777e-06,4.86777e-06
133,3678.88,5.31347,5.72488,3.83298,0.00269,2.6444,0.56358,0.59262,0.53311,0.16765,0.47667,0.52137,0.41526,0.11592,4.51103,4.75462,2.81747,0.00308,0,4.47606e-06,4.47606e-06,4.47606e-06
134,3709.44,5.49734,6.21047,3.86756,0.00308,1.90918,0.57213,0.59067,0.53678,0.16898,0.4782,0.52267,0.41666,0.11756,4.48238,4.73176,2.81708,0.00307,0,4.10454e-06,4.10454e-06,4.10454e-06
135,3737.84,5.20563,5.27198,4.14982,0.00269,2.30683,0.57755,0.58549,0.53736,0.168,0.47117,0.52008,0.41055,0.11563,4.50779,4.75544,2.8159,0.00309,0,3.75337e-06,3.75337e-06,3.75337e-06
136,3764.98,6.19681,6.6681,4.01578,0.00289,2.10399,0.57091,0.59028,0.53838,0.1678,0.47166,0.51425,0.4068,0.11457,4.50438,4.75981,2.8185,0.00309,0,3.4227e-06,3.4227e-06,3.4227e-06
137,3795.02,5.78559,6.5766,4.15162,0.00265,2.06743,0.56194,0.58938,0.53227,0.16795,0.46461,0.51484,0.40458,0.11415,4.50348,4.73958,2.82449,0.00308,0,3.11268e-06,3.11268e-06,3.11268e-06
138,3823.87,5.15982,5.60703,3.92385,0.00258,1.97537,0.57346,0.5842,0.53716,0.16804,0.46142,0.51619,0.40252,0.11402,4.50285,4.7439,2.8286,0.00309,0,2.82345e-06,2.82345e-06,2.82345e-06
139,3850.75,3.66477,3.93083,3.0639,0.00232,1.38505,0.5773,0.58614,0.53771,0.16822,0.46354,0.51101,0.39963,0.11297,4.50454,4.74545,2.81794,0.00309,0,2.55513e-06,2.55513e-06,2.55513e-06
140,3877.7,4.86766,4.85127,3.13205,0.00205,1.78918,0.57237,0.58341,0.53407,0.16775,0.46624,0.50463,0.40386,0.11325,4.48456,4.74836,2.84395,0.00308,0,2.30784e-06,2.30784e-06,2.30784e-06
141,3905.6,3.25445,3.22926,2.19255,0.00171,0.75161,0.56512,0.59391,0.53052,0.16856,0.46108,0.5,0.39752,0.114,4.49222,4.74799,2.83595,0.00306,0,2.08169e-06,2.08169e-06,2.08169e-06
142,3930.85,3.13719,3.27301,2.09013,0.00178,0.81916,0.56389,0.59709,0.53321,0.16874,0.4566,0.4987,0.3946,0.11211,4.49232,4.73476,2.83019,0.00307,0,1.87678e-06,1.87678e-06,1.87678e-06
143,3959.19,2.6922,3.23448,2.1653,0.00161,0.73665,0.56991,0.59391,0.531,0.1688,0.45924,0.50389,0.39443,0.11299,4.45783,4.73837,2.87423,0.00302,0,1.6932e-06,1.6932e-06,1.6932e-06
144,3985.53,3.29347,3.88128,2.28696,0.00178,0.91867,0.57421,0.59326,0.5315,0.16878,0.46447,0.50106,0.39999,0.11299,4.45274,4.7331,2.87214,0.00301,0,1.53102e-06,1.53102e-06,1.53102e-06
145,4015,3.62846,4.13866,2.60911,0.00219,1.09942,0.57081,0.59715,0.53342,0.16807,0.46688,0.5031,0.40181,0.11427,4.44902,4.70436,2.88197,0.00302,0,1.39032e-06,1.39032e-06,1.39032e-06
146,4042.62,1.97725,2.14387,1.63287,0.00149,0.51317,0.57604,0.57837,0.53453,0.16935,0.47454,0.50945,0.40863,0.11645,4.42757,4.70242,2.87987,0.003,0,1.27117e-06,1.27117e-06,1.27117e-06
147,4067.81,3.94871,3.68449,2.62094,0.00201,1.25886,0.57335,0.58161,0.53416,0.16878,0.47238,0.50621,0.40804,0.11682,4.43426,4.71538,2.86337,0.00301,0,1.1736e-06,1.1736e-06,1.1736e-06
148,4094.74,3.71072,4.08529,2.50896,0.00212,0.97304,0.57308,0.58873,0.53413,0.16827,0.47409,0.50324,0.41,0.11682,4.47163,4.71309,2.82324,0.00305,0,1.09768e-06,1.09768e-06,1.09768e-06
149,4121.76,2.85866,3.45242,1.88822,0.00127,0.96173,0.57586,0.58938,0.5313,0.16813,0.47561,0.50929,0.41243,0.11703,4.46239,4.70922,2.8195,0.00306,0,1.04342e-06,1.04342e-06,1.04342e-06
150,4147.44,3.7922,4.18658,2.98502,0.0024,1.43637,0.57146,0.58873,0.53128,0.16881,0.46836,0.51425,0.41297,0.11867,4.46048,4.71097,2.82316,0.00305,0,1.01086e-06,1.01086e-06,1.01086e-06
